socp_num,occupation_group,occ_title,total_workers,avg_wage,pct_female,observed_exposure,usage_ratio,match_level
151251,Computer and Mathematical,Computer Programmers,7845,101877.62906309751,14.888463989802423,0.7451,1.5006845717513886,1_detailed_6digit
434051,Office and Administrative Support,Customer Service Representatives,55978,43249.18003501376,63.00153631783915,0.7011000000000002,0.9004107430508331,1_detailed_6digit
439021,Office and Administrative Support,Data Entry Keyers,7027,36371.26796641525,81.71339120535079,0.6707,0.30013691435027773,1_detailed_6digit
292072,Healthcare Practitioners,Medical Records Specialists,3818,51764.61498166579,90.28287061288633,0.6673999999999999,0.8253765144632637,1_detailed_6digit
131161,Business and Financial Operations,Market Research Analysts and Marketing Specialists,11528,100780.92470506593,61.8147120055517,0.6482999999999999,3.9768141151411798,1_detailed_6digit
319094,Healthcare Support,Medical Transcriptionists,525,17166.095238095237,96,0.6365,0.8253765144632637,1_detailed_6digit
132051,Business and Financial Operations,Financial and Investment Analysts,9385,136270.75119872135,46.75546084176878,0.5716000000000001,1.5006845717513886,1_detailed_6digit
151253,Computer and Mathematical,Software Quality Assurance Analysts and Testers,2398,59357.96497080901,67.6814011676397,0.5195,4.276951029491458,1_detailed_6digit
439111,Office and Administrative Support,Statistical Assistants,1434,90100.83682008368,48.25662482566248,0.5099,1.050479200225972,1_detailed_6digit
151212,Computer and Mathematical,Information Security Analysts,5882,130140.08840530431,7.922475348520912,0.48590000000000005,1.050479200225972,1_detailed_6digit
151254,Computer and Mathematical,Web Developers,2006,90016.45064805583,24.277168494516452,0.4802,2.7762664577400686,1_detailed_6digit
273042,"Arts, Design, Entertainment, Sports",Technical Writers,2154,102876.50882079851,67.27019498607241,0.47469999999999996,1.050479200225972,1_detailed_6digit
273031,"Arts, Design, Entertainment, Sports",Public Relations Specialists,3323,112552.36232320193,78.87451098405056,0.4529999999999999,1.725787257514097,1_detailed_6digit
436014,Office and Administrative Support,"Secretaries and Administrative Assistants, Except Legal, Medical, and Executive",36878,47909.458213569065,92.67042681273388,0.45279999999999976,1.5006845717513886,1_detailed_6digit
439061,Office and Administrative Support,"Office Clerks, General",24483,39802.1974431238,81.58722378793448,0.4504000000000002,1.200547657401111,1_detailed_6digit
414010,Sales and Related,"Sales Representatives, Wholesale & Manufacturing",22441,114443.32872866628,33.08230471012878,0.4492500000000001,2.3260610862146525,2_prefix5_mean
413031,Sales and Related,"Securities, Commodities, and Financial Services Sales Agents",6318,152252.849002849,41.62709718265274,0.4413,3.8267456579660406,1_detailed_6digit
434171,Office and Administrative Support,Receptionists and Information Clerks,23532,28679.11099779024,85.90855005949346,0.43380000000000013,0.8253765144632637,1_detailed_6digit
273091,"Arts, Design, Entertainment, Sports",Interpreters and Translators,1389,58008.42332613391,75.88192944564435,0.43039999999999995,0.9004107430508331,1_detailed_6digit
152031,Computer and Mathematical,Operations Research Analysts,5366,95768.50540439806,40.98024599329109,0.42879999999999996,1.2755818859886803,1_detailed_6digit
253041,Educational Instruction and Library,Tutors,5619,12682.57697099128,76.24132407901762,0.40769999999999995,1.6507530289265273,1_detailed_6digit
413041,Sales and Related,Travel Agents,1317,55419.665907365226,90.81245254365984,0.4054,0.7503422858756943,1_detailed_6digit
434161,Office and Administrative Support,"Human Resources Assistants, Except Payroll and Timekeeping",2677,76734.329473291,81.84534927157266,0.40460000000000007,1.200547657401111,1_detailed_6digit
113031,Management,Financial Managers,36333,127917.53777557593,51.22615803814714,0.3906999999999999,3.2264718292654853,1_detailed_6digit
273099,"Arts, Design, Entertainment, Sports",SOCP 273099 (collapsed code),597,99063.65159128979,90.95477386934674,0.38675000000000004,0,2_prefix5_mean
432011,Office and Administrative Support,"Switchboard Operators, Including Answering Service",348,38301.724137931036,74.42528735632183,0.3863,0.8253765144632637,1_detailed_6digit
434111,Office and Administrative Support,"Interviewers, Except Eligibility and Loan",3776,56864.036016949154,96.08050847457628,0.3851,0.525239600112986,1_detailed_6digit
113131,Management,Training and Development Managers,1635,100072.17125382263,52.415902140672785,0.37770000000000004,0.6002738287005555,1_detailed_6digit
151230,Computer and Mathematical,Computer Support Specialists,12303,82284.17459156303,16.979598471917416,0.37759999999999994,1.3881332288700343,2_prefix5_mean
271024,"Arts, Design, Entertainment, Sports",Graphic Designers,8554,53074.67851297639,71.81435585690905,0.36720000000000014,1.050479200225972,1_detailed_6digit
436013,Office and Administrative Support,Medical Secretaries and Administrative Assistants,1896,49900.05274261603,100,0.3623,0.7503422858756943,1_detailed_6digit
15124,Computer and Mathematical,Database & Network Administrators & Architects,2819,89126.64065271373,38.66619368570415,0.36155,2.6074394434180377,2_prefix5_mean
132052,Business and Financial Operations,Personal Financial Advisors,12199,173978.53102713337,29.281088613820806,0.35040000000000016,1.575718800338958,1_detailed_6digit
132011,Business and Financial Operations,Accountants and Auditors,34733,102686.75323179684,49.2384763769326,0.34780000000000005,1.6507530289265273,1_detailed_6digit
273092,"Arts, Design, Entertainment, Sports",Court Reporters and Simultaneous Captioners,575,34197.217391304344,82.26086956521739,0.34310000000000007,0.30013691435027773,1_detailed_6digit
1520,Computer and Mathematical,SOCP 1520 (collapsed code),9654,96759.98549823907,40.92604101926662,0.34288333333333343,1.6882701432203122,3_prefix4_mean
151221,Computer and Mathematical,Computer and Information Research Scientists,1176,78136.90476190476,11.224489795918368,0.34040000000000004,1.050479200225972,1_detailed_6digit
151244,Computer and Mathematical,Network and Computer Systems Administrators,3733,78620.14465577283,13.63514599517814,0.3372999999999999,1.3506161145762496,1_detailed_6digit
192010,"Life, Physical, and Social Science",SOCP 192010 (collapsed code),291,148563.5738831615,33.67697594501718,0.3288,0.7503422858756943,2_prefix5_mean
413091,Sales and Related,SOCP 413091 (collapsed code),15605,115656.85998077539,27.023389939122076,0.3284250000000001,1.6507530289265273,3_prefix4_mean
419031,Sales and Related,Sales Engineers,427,108042.15456674474,0,0.3224,1.575718800338958,1_detailed_6digit
412031,Sales and Related,Retail Salespersons,58050,50905.83824289406,49.906976744186046,0.32219999999999993,0.9004107430508331,1_detailed_6digit
112021,Management,Marketing Managers,17647,127665.34255114183,64.4698815662719,0.3194999999999999,1.050479200225972,1_detailed_6digit
413021,Sales and Related,Insurance Sales Agents,12016,102716.48635153129,48.576897470039945,0.3188,0.9754449716384026,1_detailed_6digit
194031,"Life, Physical, and Social Science",Chemical Technicians,1577,59886.62016487001,47.6854787571338,0.3148,0.525239600112986,1_detailed_6digit
151299,Computer and Mathematical,"Computer Occupations, All Other",22167,90496.15193756485,20.38164839626472,0.3106000000000001,9.979552402146734,1_detailed_6digit
433031,Office and Administrative Support,"Bookkeeping, Accounting, and Auditing Clerks",23395,49738.62363752939,80.7950416755717,0.31040000000000006,1.1255134288135413,1_detailed_6digit
433011,Office and Administrative Support,Bill and Account Collectors,3657,35325.95023243096,92.616899097621,0.29890000000000005,0.9004107430508331,1_detailed_6digit
439,Office and Administrative Support,SOCP 439 (collapsed code),25880,51269.030139103554,77.04018547140649,0.2980222222222223,0.775353695404884,4_minor_group_mean
232011,Legal,Paralegals and Legal Assistants,10550,73801.10900473934,95.6872037914692,0.2927,0.45020537152541656,1_detailed_6digit
151252,Computer and Mathematical,Software Developers,48193,129215.58940095034,16.794970223891436,0.28800000000000014,2.7762664577400686,1_detailed_6digit
419041,Sales and Related,Telemarketers,359,39000,100,0.2852,0.8253765144632637,1_detailed_6digit
131151,Business and Financial Operations,Training and Development Specialists,4625,76316.97297297297,55.178378378378376,0.27929999999999994,0.6002738287005555,1_detailed_6digit
151211,Computer and Mathematical,Computer Systems Analysts,18844,101204.91403099129,46.57715983867544,0.2763000000000001,2.5511637719773606,1_detailed_6digit
419020,Sales and Related,SOCP 419020 (collapsed code),18076,65320.61296747068,44.135870767868994,0.27185000000000004,1.8008214861016663,2_prefix5_mean
411011,Sales and Related,First-Line Supervisors of Retail Sales Workers,57669,62038.726178709534,47.38941198911027,0.26270000000000016,0.8253765144632637,1_detailed_6digit
151255,Computer and Mathematical,Web and Digital Interface Designers,1476,76834.75609756098,76.42276422764228,0.249,3.3765402864406244,1_detailed_6digit
434181,Office and Administrative Support,Reservation and Transportation Ticket Agents and Travel Clerks,2149,40607.25919032108,70.12563983248022,0.24670000000000003,0.9004107430508331,1_detailed_6digit
273043,"Arts, Design, Entertainment, Sports",Writers and Authors,5923,52142.984973830826,48.725308120884684,0.24620000000000006,2.3260610862146525,1_detailed_6digit
273041,"Arts, Design, Entertainment, Sports",Editors,4755,70176.40378548896,50.031545741324926,0.246,1.1255134288135413,1_detailed_6digit
271010,"Arts, Design, Entertainment, Sports",SOCP 271010 (collapsed code),5839,23828.087001198834,42.43877376263059,0.24432500000000004,0.731583728728802,2_prefix5_mean
433061,Office and Administrative Support,Procurement Clerks,610,112352.45901639345,23.278688524590162,0.2436,0.9004107430508331,1_detailed_6digit
131111,Business and Financial Operations,Management Analysts,30990,121095.60019361084,47.19264278799613,0.24350000000000005,0.45020537152541656,1_detailed_6digit
193011,"Life, Physical, and Social Science",Economists,807,302009.6654275093,57.372986369268894,0.2418,1.050479200225972,1_detailed_6digit
2310,Legal,SOCP 2310 (collapsed code),34885,202742.02379246094,40.17772681668339,0.23920000000000016,0.630287520135583,3_prefix4_mean
439022,Office and Administrative Support,Word Processors and Typists,382,39978.79581151832,74.86910994764398,0.2385,1.1255134288135413,1_detailed_6digit
436011,Office and Administrative Support,Executive Secretaries and Executive Administrative Assistants,5140,74722.17898832685,87.72373540856032,0.23360000000000003,1.2755818859886803,1_detailed_6digit
112030,Management,SOCP 112030 (collapsed code),2578,128749.14662529093,75.95034910783554,0.2315,1.200547657401111,2_prefix5_mean
411012,Sales and Related,First-Line Supervisors of Non-Retail Sales Workers,17858,104035.79348191287,45.81700078396237,0.22950000000000007,0.9754449716384026,1_detailed_6digit
434,Office and Administrative Support,SOCP 434 (collapsed code),4405,54829.92054483541,83.9727582292849,0.22623125,0.7831697608827559,4_minor_group_mean
435032,Office and Administrative Support,"Dispatchers, Except Police, Fire, and Ambulance",5577,37479.50511027434,62.865339788416705,0.22579999999999995,0.6002738287005555,1_detailed_6digit
192030,"Life, Physical, and Social Science",SOCP 192030 (collapsed code),4403,152041.88053599818,46.94526459232342,0.22285000000000008,0.5627567144067707,2_prefix5_mean
132070,Business and Financial Operations,SOCP 132070 (collapsed code),5620,101922.90035587188,44.768683274021356,0.20989999999999998,1.9133728289830203,2_prefix5_mean
273023,"Arts, Design, Entertainment, Sports","News Analysts, Reporters, and Journalists",1340,121694.02985074627,47.01492537313433,0.20980000000000001,2.401095314802222,1_detailed_6digit
1320,Business and Financial Operations,SOCP 1320 (collapsed code),2429,109549.44421572663,68.09386578839029,0.20550000000000002,1.0826367267635018,3_prefix4_mean
132020,Business and Financial Operations,SOCP 132020 (collapsed code),1805,109358.1163434903,31.412742382271468,0.20550000000000002,1.200547657401111,3_prefix4_mean
412021,Sales and Related,Counter and Rental Clerks,682,72096.6275659824,11.436950146627565,0.20479999999999998,1.050479200225972,1_detailed_6digit
254022,Educational Instruction and Library,Librarians and Media Collections Specialists,4272,70513.20224719102,65.82397003745318,0.20320000000000008,2.2510268576270827,1_detailed_6digit
434131,Office and Administrative Support,Loan Interviewers and Clerks,1468,41153.40599455041,86.1716621253406,0.2022,0.7503422858756943,1_detailed_6digit
113061,Management,Purchasing Managers,4655,119845.11278195489,45.671321160042964,0.2004,0.9004107430508331,1_detailed_6digit
151241,Computer and Mathematical,Computer Network Architects,3569,109328.94368170356,11.263659288316056,0.19870000000000002,2.7012322291524993,1_detailed_6digit
274021,"Arts, Design, Entertainment, Sports",Photographers,4648,14121.60068846816,48.04216867469879,0.195,0.6002738287005555,1_detailed_6digit
274030,"Arts, Design, Entertainment, Sports",SOCP 274030 (collapsed code),791,35361.56763590392,30.08849557522124,0.19424999999999998,0.9004107430508331,2_prefix5_mean
433021,Office and Administrative Support,Billing and Posting Clerks,9470,48146.2090813094,86.9376979936642,0.19240000000000002,1.2755818859886803,1_detailed_6digit
431011,Office and Administrative Support,First-Line Supervisors of Office and Administrative Support Workers,19194,61088.991351464,70.16776075857038,0.1855999999999998,1.6507530289265273,1_detailed_6digit
131199,Business and Financial Operations,"Business Operations Specialists, All Other",18235,96525.57718672881,49.021113243761995,0.18459999999999993,7.203285944406665,1_detailed_6digit
254010,Educational Instruction and Library,SOCP 254010 (collapsed code),1718,50216.47264260768,63.62048894062864,0.18236666666666673,0.5752624191713656,2_prefix5_mean
119151,Management,Social and Community Service Managers,14503,73853.11314900365,60.91153554437013,0.18079999999999996,0.45020537152541656,1_detailed_6digit
2530,Educational Instruction and Library,SOCP 2530 (collapsed code),16018,40644.53739543014,68.1483331252341,0.17916666666666675,1.625741619397338,3_prefix4_mean
439081,Office and Administrative Support,Proofreaders and Copy Markers,552,50989.13043478261,58.69565217391305,0.1781,0.15006845717513886,1_detailed_6digit
419091,Sales and Related,"Door-to-Door Sales Workers, News and Street Vendors, and Related Workers",282,53361.70212765958,63.47517730496454,0.17580000000000004,0.7503422858756943,1_detailed_6digit
419099,Sales and Related,SOCP 419099 (collapsed code),9425,57724.36074270557,51.904509283819635,0.17579999999999998,0.7503422858756943,2_prefix5_mean
112011,Management,Advertising and Promotions Managers,529,102727.78827977316,15.122873345935728,0.1731,1.6507530289265273,1_detailed_6digit
434081,Office and Administrative Support,"Hotel, Motel, and Resort Desk Clerks",797,30058.97114178168,77.91718946047679,0.1725,0.7503422858756943,1_detailed_6digit
231012,Legal,Judicial Law Clerks,912,57276.64473684211,93.31140350877193,0.17039999999999997,0.6002738287005555,1_detailed_6digit
4330,Office and Administrative Support,SOCP 4330 (collapsed code),4278,141031.15942028986,57.2463768115942,0.16891428571428574,0.7074655838256546,3_prefix4_mean
132041,Business and Financial Operations,Credit Analysts,1952,73428.79098360655,86.32172131147541,0.1685,0.30013691435027773,1_detailed_6digit
1930,"Life, Physical, and Social Science",SOCP 1930 (collapsed code),1288,106679.34782608696,32.45341614906832,0.1672153846153846,1.0735666551759935,3_prefix4_mean
119141,Management,"Property, Real Estate, and Community Association Managers",7377,72436.65446658533,43.16117663006642,0.16530000000000003,1.1255134288135413,1_detailed_6digit
131082,Business and Financial Operations,SOCP 131082 (collapsed code),28309,102069.44787876647,49.65558656257727,0.15710000000000016,2.401095314802222,2_prefix5_mean
131081,Business and Financial Operations,Logisticians,5246,79468.16622188334,43.38543652306519,0.1571,2.401095314802222,1_detailed_6digit
434071,Office and Administrative Support,File Clerks,2906,44698.31383344804,45.32002752924983,0.15679999999999997,0.45020537152541656,1_detailed_6digit
113021,Management,Computer and Information Systems Managers,18495,149800.24871586915,24.779670181130033,0.15589999999999996,1.200547657401111,1_detailed_6digit
212021,Community and Social Service,"Directors, Religious Activities and Education",1784,33715.02242152466,74.38340807174887,0.153,0.8253765144632637,1_detailed_6digit
413011,Sales and Related,Advertising Sales Agents,2465,117910.50709939149,36.75456389452333,0.14819999999999997,1.050479200225972,1_detailed_6digit
439041,Office and Administrative Support,Insurance Claims and Policy Processing Clerks,5317,59372.03310137295,83.46812112093286,0.1467,1.8758557146892356,1_detailed_6digit
172061,Architecture and Engineering,Computer Hardware Engineers,1225,130253.0612244898,17.142857142857142,0.14530000000000004,0.9004107430508331,1_detailed_6digit
252030,Educational Instruction and Library,SOCP 252030 (collapsed code),25344,75873.54403409091,54.2416351010101,0.14505000000000012,2.100958400451944,2_prefix5_mean
111021,Management,General and Operations Managers,24593,97265.71788720367,38.230390761598834,0.13779999999999995,0.37517114293784715,1_detailed_6digit
1940,"Life, Physical, and Social Science",SOCP 1940 (collapsed code),7067,63858.89344842224,53.176736946370454,0.13769090909090914,0.47749054555726006,3_prefix4_mean
2590,Educational Instruction and Library,SOCP 2590 (collapsed code),1899,57378.67298578199,66.29805160610847,0.13483333333333333,1.413144638399224,3_prefix4_mean
113013,Management,Facilities Managers,3397,91010.59758610539,28.46629378863703,0.13449999999999998,1.575718800338958,1_detailed_6digit
131070,Business and Financial Operations,SOCP 131070 (collapsed code),24934,87081.37482955001,75.03408999759364,0.13446666666666676,1.050479200225972,2_prefix5_mean
252020,Educational Instruction and Library,SOCP 252020 (collapsed code),68180,65341.23613963039,78.64916397770607,0.1334,2.050935581393565,2_prefix5_mean
291031,Healthcare Practitioners,Dietitians and Nutritionists,2621,63895.38344143457,100,0.13279999999999997,1.050479200225972,1_detailed_6digit
251000,Educational Instruction and Library,SOCP 251000 (collapsed code),33417,94004.54469282101,46.87434539306341,0.13270869565217389,2.397832957037544,3_prefix4_mean
212099,Community and Social Service,SOCP 212099 (collapsed code),1648,26897.694174757282,38.65291262135923,0.1323,1.1630305431073262,3_prefix4_mean
396010,Personal Care and Service,SOCP 396010 (collapsed code),2768,24420.086705202313,50.433526011560694,0.13025,0.30013691435027773,2_prefix5_mean
434041,Office and Administrative Support,"Credit Authorizers, Checkers, and Clerks",389,74776.34961439589,66.0668380462725,0.1296,0.525239600112986,1_detailed_6digit
132082,Business and Financial Operations,Tax Preparers,1480,82044.05405405405,43.58108108108108,0.12830000000000003,0.6002738287005555,1_detailed_6digit
119081,Management,Lodging Managers,1715,67437.31778425656,82.79883381924198,0.12149999999999998,0.6002738287005555,1_detailed_6digit
131041,Business and Financial Operations,Compliance Officers,9596,108116.15256356815,50.791996665277196,0.12109999999999999,2.7762664577400686,1_detailed_6digit
191020,"Life, Physical, and Social Science",SOCP 191020 (collapsed code),1999,87470.23511755878,66.13306653326664,0.119575,1.5194431288982808,2_prefix5_mean
119021,Management,Construction Managers,26405,84069.7216436281,7.528877106608597,0.11859999999999996,0.8253765144632637,1_detailed_6digit
211012,Community and Social Service,"Educational, Guidance, and Career Counselors and Advisors",11153,52721.79682596611,76.95687259033444,0.11819999999999997,1.725787257514097,1_detailed_6digit
131011,Business and Financial Operations,"Agents and Business Managers of Artists, Performers, and Athletes",937,52315.47491995731,78.01494130202775,0.11800000000000001,0.6002738287005555,1_detailed_6digit
536061,Transportation and Material Moving,Passenger Attendants,1410,25013.262411347518,56.09929078014184,0.1169,0.07503422858756943,1_detailed_6digit
212011,Community and Social Service,Clergy,8860,55143.905191873586,12.268623024830699,0.11159999999999999,1.5006845717513886,1_detailed_6digit
371012,Building and Grounds Cleaning,"First-Line Supervisors of Landscaping, Lawn Service, and Groundskeeping Workers",1984,43088.155241935485,8.921370967741936,0.10829999999999998,0.30013691435027773,1_detailed_6digit
492011,"Installation, Maintenance, Repair","Computer, Automated Teller, and Office Machine Repairers",2843,63907.210692930006,4.045022863172705,0.10669999999999999,0.7503422858756943,1_detailed_6digit
194010,"Life, Physical, and Social Science",SOCP 194010 (collapsed code),154,40000,28.57142857142857,0.10480000000000002,0.4126882572316318,2_prefix5_mean
2740,"Arts, Design, Entertainment, Sports",SOCP 2740 (collapsed code),1045,72856.45933014354,13.875598086124402,0.10341666666666667,0.6002738287005555,3_prefix4_mean
131121,Business and Financial Operations,"Meeting, Convention, and Event Planners",4309,53734.625203063355,61.63843119053145,0.10230000000000003,0.9004107430508331,1_detailed_6digit
434031,Office and Administrative Support,"Court, Municipal, and License Clerks",1429,47416.79496151154,74.10776766969909,0.102,2.1759926290395133,1_detailed_6digit
515111,Production,Prepress Technicians and Workers,816,27796.56862745098,50.98039215686274,0.10180000000000002,0.30013691435027773,1_detailed_6digit
491011,"Installation, Maintenance, Repair","First-Line Supervisors of Mechanics, Installers, and Repairers",4766,69566.30297943768,9.672681493915233,0.1015,0.30013691435027773,1_detailed_6digit
272011,"Arts, Design, Entertainment, Sports",Actors,503,25447.316103379722,74.55268389662028,0.10110000000000001,1.050479200225972,1_detailed_6digit
259040,Educational Instruction and Library,SOCP 259040 (collapsed code),38135,31416.848564311,78.05952537039465,0.10019999999999997,0.9379278573446178,2_prefix5_mean
131023,Business and Financial Operations,SOCP 131023 (collapsed code),7721,91864.43465872297,66.99909338168631,0.09793333333333337,1.200547657401111,3_prefix4_mean
131021,Business and Financial Operations,SOCP 131021 (collapsed code),232,58211.206896551725,0,0.09793333333333334,0.30013691435027773,3_prefix4_mean
131022,Business and Financial Operations,SOCP 131022 (collapsed code),6233,44891.86587518049,52.510829456120646,0.09793333333333329,0.6002738287005555,3_prefix4_mean
434121,Office and Administrative Support,"Library Assistants, Clerical",2347,23513.097571367703,94.50362164465275,0.09780000000000001,0.45020537152541656,1_detailed_6digit
193051,"Life, Physical, and Social Science",Urban and Regional Planners,727,174453.92022008254,10.591471801925723,0.09589999999999999,0.8253765144632637,1_detailed_6digit
113071,Management,"Transportation, Storage, and Distribution Managers",7093,84851.14902016072,32.0033836176512,0.09560000000000002,2.0259241718643746,1_detailed_6digit
435061,Office and Administrative Support,"Production, Planning, and Expediting Clerks",5908,63417.569397427214,51.709546377792826,0.0934,0.30013691435027773,1_detailed_6digit
291131,Healthcare Practitioners,Veterinarians,3620,106451.93370165746,66.02209944751381,0.0926,0.15006845717513886,1_detailed_6digit
272012,"Arts, Design, Entertainment, Sports",Producers and Directors,4217,134145.12686744131,38.083945933127815,0.092,2.926334914915208,1_detailed_6digit
211022,Community and Social Service,Healthcare Social Workers,2200,81950.45454545454,91.27272727272727,0.0916,0.30013691435027773,1_detailed_6digit
532031,Transportation and Material Moving,Flight Attendants,2709,58388.70431893688,70.98560354374308,0.0913,0.15006845717513886,1_detailed_6digit
31909,Healthcare Support,SOCP 31909 (collapsed code),5106,44348.394046220135,64.14022718370545,0.0905,0.37517114293784715,2_prefix5_mean
291051,Healthcare Practitioners,Pharmacists,8063,112332.76696018851,58.29095870023564,0.0896,0.9754449716384026,1_detailed_6digit
172141,Architecture and Engineering,Mechanical Engineers,5254,103869.45184621241,15.968785687095547,0.08130000000000001,0.9004107430508331,1_detailed_6digit
172070,Architecture and Engineering,SOCP 172070 (collapsed code),5188,112522.49421742483,12.64456437933693,0.07944999999999999,1.050479200225972,2_prefix5_mean
171011,Architecture and Engineering,"Architects, Except Landscape and Naval",6379,101232.63834456811,39.771124000627054,0.07839999999999997,0.9004107430508331,1_detailed_6digit
172011,Architecture and Engineering,Aerospace Engineers,2734,125613.02121433796,22.713972201901974,0.0753,0.22510268576270828,1_detailed_6digit
1191,Management,SOCP 1191 (collapsed code),99824,128720.1254207405,37.64225036063472,0.07523333333333322,0.9337592890897528,3_prefix4_mean
299000,Healthcare Practitioners,SOCP 299000 (collapsed code),3573,67773.57962496502,89.14077805765463,0.07434,1.0317206430790797,3_prefix4_mean
292052,Healthcare Practitioners,Pharmacy Technicians,9191,41386.80230660429,72.56011315417256,0.0735,0.22510268576270828,1_detailed_6digit
359031,Food Preparation and Serving,"Hosts and Hostesses, Restaurant, Lounge, and Coffee Shop",8221,7112.145724364433,87.9455054129668,0.07340000000000003,0.525239600112986,1_detailed_6digit
519160,Production,SOCP 519160 (collapsed code),1367,44638.25896122897,0,0.0711,0.45020537152541656,2_prefix5_mean
132031,Business and Financial Operations,Budget Analysts,1014,87192.30769230769,93.09664694280079,0.0672,0.30013691435027773,1_detailed_6digit
399041,Personal Care and Service,Residential Advisors,1314,19542.617960426178,27.32115677321157,0.067,0.45020537152541656,1_detailed_6digit
27102,"Arts, Design, Entertainment, Sports",SOCP 27102 (collapsed code),8894,82697.74004947155,37.351023161682036,0.06681428571428573,0.39660949396286704,2_prefix5_mean
252050,Educational Instruction and Library,SOCP 252050 (collapsed code),10559,72744.96637939199,80.39587082110047,0.06609999999999999,1.1005020192843518,2_prefix5_mean
119111,Management,Medical and Health Services Managers,26386,107708.76980216782,72.88713711816872,0.06589999999999999,0.525239600112986,1_detailed_6digit
19303,"Life, Physical, and Social Science",SOCP 19303 (collapsed code),5750,71023.23478260869,66.90434782608695,0.065875,1.106754871666649,2_prefix5_mean
131141,Business and Financial Operations,"Compensation, Benefits, and Job Analysis Specialists",842,55284.79809976247,92.51781472684085,0.0649,0.525239600112986,1_detailed_6digit
273011,"Arts, Design, Entertainment, Sports",Broadcast Announcers and Radio Disc Jockeys,480,172729.16666666666,6.25,0.0634,0.525239600112986,1_detailed_6digit
132053,Business and Financial Operations,Insurance Underwriters,4789,115100.98141574442,54.3954896638129,0.0625,0.15006845717513886,1_detailed_6digit
1720,Architecture and Engineering,SOCP 1720 (collapsed code),1079,77462.46524559778,42.53938832252086,0.061799999999999994,0.5835995556810956,3_prefix4_mean
333050,Protective Service,SOCP 333050 (collapsed code),15649,89570.5092977187,23.995143459645984,0.06169999999999999,0.9004107430508331,2_prefix5_mean
119121,Management,Natural Sciences Managers,2005,100669.52618453866,65.18703241895261,0.0613,1.5006845717513886,1_detailed_6digit
194021,"Life, Physical, and Social Science",Biological Technicians,480,50810.416666666664,43.333333333333336,0.059900000000000016,0.45020537152541656,1_detailed_6digit
434061,Office and Administrative Support,"Eligibility Interviewers, Government Programs",634,55025.23659305993,58.99053627760252,0.0597,0.6753080572881248,1_detailed_6digit
291141,Healthcare Practitioners,Registered Nurses,76180,81193.06510895248,89.34365975321606,0.05949999999999999,3.0764033720903465,1_detailed_6digit
193033,"Life, Physical, and Social Science",Clinical and Counseling Psychologists,1320,75546.59090909091,53.86363636363637,0.059100000000000014,1.9508899432768052,1_detailed_6digit
292010,Healthcare Practitioners,SOCP 292010 (collapsed code),8658,61512.95911295911,67.07091707091706,0.05896315789473684,0.7128251715819096,3_prefix4_mean
19204,"Life, Physical, and Social Science",SOCP 19204 (collapsed code),483,109124.22360248448,33.54037267080746,0.05753333333333333,0.6252852382297452,2_prefix5_mean
1110,Management,SOCP 1110 (collapsed code),32204,221634.01130294372,28.350515463917525,0.057033333333333325,0.5002281905837961,3_prefix4_mean
271022,"Arts, Design, Entertainment, Sports",Fashion Designers,1282,44968.798751950075,78.54914196567863,0.056799999999999996,0.45020537152541656,1_detailed_6digit
351012,Food Preparation and Serving,First-Line Supervisors of Food Preparation and Serving Workers,8230,33554.78736330498,54.30133657351154,0.0564,0.30013691435027773,1_detailed_6digit
192041,"Life, Physical, and Social Science","Environmental Scientists and Specialists, Including Health",2413,84056.77579776212,34.397016162453376,0.054799999999999995,1.200547657401111,1_detailed_6digit
254031,Educational Instruction and Library,Library Technicians,357,14560.224089635854,100,0.054,0.45020537152541656,1_detailed_6digit
152011,Computer and Mathematical,Actuaries,2064,226031.49224806202,19.476744186046513,0.05390000000000002,0.6002738287005555,1_detailed_6digit
29205,Healthcare Practitioners,SOCP 29205 (collapsed code),1555,10030.096463022508,74.91961414790997,0.05301666666666666,0.28137835720338533,2_prefix5_mean
119030,Management,SOCP 119030 (collapsed code),29473,92628.01207885183,66.0774267974078,0.05213333333333336,0.787859400169479,2_prefix5_mean
1910,"Life, Physical, and Social Science",SOCP 1910 (collapsed code),8711,111075.30708299851,40.2824015612444,0.05160909090909091,0.7953628230282359,3_prefix4_mean
472221,Construction and Extraction,Structural Iron and Steel Workers,1714,65853.55892648775,3.38389731621937,0.0491,0.15006845717513886,1_detailed_6digit
433051,Office and Administrative Support,Payroll and Timekeeping Clerks,3577,70361.08470785574,89.34861615879228,0.04870000000000001,0.30013691435027773,1_detailed_6digit
474011,Construction and Extraction,Construction and Building Inspectors,1580,53462.0253164557,26.075949367088608,0.0481,0.6002738287005555,1_detailed_6digit
319092,Healthcare Support,Medical Assistants,10170,43639.360865290066,88.09242871189774,0.047599999999999996,0.45020537152541656,1_detailed_6digit
193034,"Life, Physical, and Social Science",School Psychologists,1739,79651.52386428982,76.13571017826337,0.0467,0.6002738287005555,1_detailed_6digit
131131,Business and Financial Operations,Fundraisers,2991,91126.17853560681,79.90638582413908,0.0466,1.6507530289265273,1_detailed_6digit
435031,Office and Administrative Support,Public Safety Telecommunicators,1542,60817.120622568094,26.1348897535668,0.046500000000000014,0.22510268576270828,1_detailed_6digit
372021,Building and Grounds Cleaning,Pest Control Workers,3136,62535.044642857145,2.5510204081632653,0.046000000000000006,0.15006845717513886,1_detailed_6digit
371011,Building and Grounds Cleaning,First-Line Supervisors of Housekeeping and Janitorial Workers,4551,62922.63238848605,17.798286090969018,0.04359999999999999,0.7503422858756943,1_detailed_6digit
112022,Management,Sales Managers,10779,140924.14880786714,41.7571203265609,0.0433,0.37517114293784715,1_detailed_6digit
132061,Business and Financial Operations,Financial Examiners,264,52125,77.65151515151516,0.0428,0.30013691435027773,1_detailed_6digit
412010,Sales and Related,SOCP 412010 (collapsed code),58756,18631.276635577644,60.16066444278031,0.0423,0.525239600112986,2_prefix5_mean
435021,Office and Administrative Support,Couriers and Messengers,7653,36138.703776296876,29.04743237945904,0.04120000000000001,0.22510268576270828,1_detailed_6digit
171020,Architecture and Engineering,SOCP 171020 (collapsed code),173,107225.43352601156,0,0.0411,0.262619800056493,2_prefix5_mean
131030,Business and Financial Operations,SOCP 131030 (collapsed code),10160,71787.5,67.69685039370079,0.04089999999999999,0.7128251715819096,2_prefix5_mean
272030,"Arts, Design, Entertainment, Sports",SOCP 272030 (collapsed code),331,40996.978851963744,60.42296072507553,0.04005,0.22510268576270828,2_prefix5_mean
211019,Community and Social Service,SOCP 211019 (collapsed code),4625,31836.38918918919,82.22702702702702,0.03940000000000001,0.9154175887683468,2_prefix5_mean
211011,Community and Social Service,SOCP 211011 (collapsed code),5074,48715.84548679543,66.37761135199054,0.0394,0.6002738287005555,2_prefix5_mean
211014,Community and Social Service,SOCP 211014 (collapsed code),3699,33812.35469045688,64.23357664233576,0.0394,1.050479200225972,2_prefix5_mean
419010,Sales and Related,SOCP 419010 (collapsed code),887,81135.40022547914,75.19729425028186,0.0394,0.6002738287005555,2_prefix5_mean
519198,Production,Helpers--Production Workers,1335,37757.07865168539,24.044943820224717,0.0393,0.15006845717513886,1_detailed_6digit
292035,Healthcare Practitioners,Magnetic Resonance Imaging Technologists,1430,216647.13286713287,16.713286713286713,0.039,0.30013691435027773,1_detailed_6digit
192021,"Life, Physical, and Social Science",Atmospheric and Space Scientists,176,62045.454545454544,0,0.038000000000000006,0.7503422858756943,1_detailed_6digit
192099,"Life, Physical, and Social Science","Physical Scientists, All Other",16462,103744.61790790912,45.85712550115417,0.03790000000000001,0.30013691435027773,1_detailed_6digit
333021,Protective Service,Detectives and Criminal Investigators,3869,135097.95812871543,14.810028431119152,0.0374,1.2755818859886803,1_detailed_6digit
272041,"Arts, Design, Entertainment, Sports",Music Directors and Composers,777,54821.10682110682,73.23037323037323,0.0368,1.2755818859886803,1_detailed_6digit
172081,Architecture and Engineering,Environmental Engineers,451,113538.80266075388,45.01108647450111,0.035800000000000005,0.15006845717513886,1_detailed_6digit
272091,"Arts, Design, Entertainment, Sports",SOCP 272091 (collapsed code),127,64566.92913385827,0,0.034444444444444444,0.8670621970119136,3_prefix4_mean
272099,"Arts, Design, Entertainment, Sports",SOCP 272099 (collapsed code),389,19012.853470437018,31.10539845758355,0.034444444444444444,0.8670621970119133,3_prefix4_mean
21109,Community and Social Service,SOCP 21109 (collapsed code),4262,62630.6945096199,88.15110276865322,0.0344,0.525239600112986,2_prefix5_mean
17302,Architecture and Engineering,SOCP 17302 (collapsed code),7749,66609.45928506904,18.247515808491418,0.03362500000000001,0.6565495001412325,2_prefix5_mean
312010,Healthcare Support,SOCP 312010 (collapsed code),1244,40823.15112540193,88.66559485530546,0.03305,0.15006845717513886,2_prefix5_mean
211029,Community and Social Service,SOCP 211029 (collapsed code),13063,60192.49023960805,85.69241368751436,0.03299999999999999,0.22510268576270828,2_prefix5_mean
519061,Production,"Inspectors, Testers, Sorters, Samplers, and Weighers",14116,69338.2190422216,42.97251345990365,0.0324,0.30013691435027773,1_detailed_6digit
331011,Protective Service,First-Line Supervisors of Correctional Officers,208,80961.53846153847,48.07692307692308,0.0315,0.15006845717513886,1_detailed_6digit
119041,Management,Architectural and Engineering Managers,6043,130090.86546417342,17.325831540625515,0.03059999999999999,1.050479200225972,1_detailed_6digit
395012,Personal Care and Service,"Hairdressers, Hairstylists, and Cosmetologists",16543,31278.600012089704,87.08214954965847,0.0304,0.525239600112986,1_detailed_6digit
492098,"Installation, Maintenance, Repair",Security and Fire Alarm Systems Installers,1179,48854.79219677693,0,0.030299999999999994,0.22510268576270828,1_detailed_6digit
17301,Architecture and Engineering,SOCP 17301 (collapsed code),1973,60072.985301571214,18.09427268119615,0.02963333333333333,0.6377909429943401,2_prefix5_mean
471011,Construction and Extraction,First-Line Supervisors of Construction Trades and Extraction Workers,6638,60917.36968966556,6.101235311840917,0.029600000000000005,1.200547657401111,1_detailed_6digit
391000,Personal Care and Service,SOCP 391000 (collapsed code),868,55905.52995391705,77.53456221198157,0.028333333333333335,0.45020537152541656,3_prefix4_mean
518090,Production,SOCP 518090 (collapsed code),164,104798.78048780488,0,0.028200000000000003,0.15006845717513886,2_prefix5_mean
472061,Construction and Extraction,Construction Laborers,27825,36490.31662174303,1.6855345911949686,0.028100000000000003,0.15006845717513886,1_detailed_6digit
132081,Business and Financial Operations,"Tax Examiners and Collectors, and Revenue Agents",1402,71589.72895863053,46.29101283880171,0.0275,0.37517114293784715,1_detailed_6digit
2911,Healthcare Practitioners,SOCP 2911 (collapsed code),7748,116387.32576148683,95.39235931853382,0.02600714285714286,0.7753536954048841,3_prefix4_mean
291210,Healthcare Practitioners,SOCP 291210 (collapsed code),34600,208210.9190751445,45.190751445086704,0.02541666666666667,0.45020537152541656,2_prefix5_mean
359099,Food Preparation and Serving,SOCP 359099 (collapsed code),607,13821.74629324547,24.382207578253706,0.02446666666666667,0.3376540286440624,3_prefix4_mean
1721,Architecture and Engineering,SOCP 1721 (collapsed code),11440,122572.77097902098,13.26923076923077,0.024411111111111123,1.0290408492009522,3_prefix4_mean
439071,Office and Administrative Support,"Office Machine Operators, Except Computer",91,4000,0,0.0239,0.15006845717513886,1_detailed_6digit
532020,Transportation and Material Moving,SOCP 532020 (collapsed code),847,37523.02243211334,59.149940968122785,0.023799999999999998,0.22510268576270828,2_prefix5_mean
433071,Office and Administrative Support,Tellers,3849,36235.697583787995,80.67030397505846,0.0231,0.07503422858756943,1_detailed_6digit
3330,Protective Service,SOCP 3330 (collapsed code),130,29855.384615384617,56.15384615384615,0.02297142857142857,0.5815152715536631,3_prefix4_mean
319095,Healthcare Support,Pharmacy Aides,247,25228.744939271255,53.441295546558706,0.022,0.22510268576270828,1_detailed_6digit
472130,Construction and Extraction,SOCP 472130 (collapsed code),312,61282.05128205128,0,0.02195,0.15006845717513886,2_prefix5_mean
232093,Legal,"Title Examiners, Abstractors, and Searchers",1730,49823.69942196532,47.05202312138728,0.0216,0.45020537152541656,1_detailed_6digit
232099,Legal,SOCP 232099 (collapsed code),144,49618.055555555555,100,0.0216,0.45020537152541656,2_prefix5_mean
173023,Architecture and Engineering,Electrical and Electronic Engineering Technologists and Technicians,1309,90135.21772345302,0,0.0202,1.725787257514097,1_detailed_6digit
399099,Personal Care and Service,SOCP 399099 (collapsed code),2746,17154.588492352512,75.67370721048799,0.019800000000000005,0.4126882572316318,3_prefix4_mean
5360,Transportation and Material Moving,SOCP 5360 (collapsed code),235,55276.59574468085,0,0.01948333333333333,0.1650753028926528,3_prefix4_mean
397010,Personal Care and Service,SOCP 397010 (collapsed code),969,11876.780185758515,89.1640866873065,0.01914814814814815,0.4877224858192013,5_major_group_mean
499021,"Installation, Maintenance, Repair","Heating, Air Conditioning, and Refrigeration Mechanics and Installers",9733,62124.81352101099,0,0.0191,0.45020537152541656,1_detailed_6digit
172110,Architecture and Engineering,SOCP 172110 (collapsed code),5528,105213.0969609262,31.638929088277855,0.01835000000000001,0.7503422858756943,2_prefix5_mean
29203,Healthcare Practitioners,SOCP 29203 (collapsed code),2863,109672.09221096752,38.8403772266853,0.018060000000000003,0.3601642972203332,2_prefix5_mean
319096,Healthcare Support,Veterinary Assistants and Laboratory Animal Caretakers,284,55179.57746478873,40.140845070422536,0.0179,0.22510268576270828,1_detailed_6digit
291123,Healthcare Practitioners,Physical Therapists,10258,79046.295574186,74.85864690972899,0.017399999999999995,0.6002738287005555,1_detailed_6digit
191010,"Life, Physical, and Social Science",SOCP 191010 (collapsed code),320,142812.5,60.3125,0.017099999999999997,0.2751255048210879,2_prefix5_mean
516050,Production,SOCP 516050 (collapsed code),1326,8346.606334841628,100,0.017099999999999997,0.15006845717513886,2_prefix5_mean
516060,Production,SOCP 516060 (collapsed code),310,27800,100,0.017075,0.07503422858756943,2_prefix5_mean
492020,"Installation, Maintenance, Repair",SOCP 492020 (collapsed code),2056,55419.55252918288,15.710116731517509,0.016649999999999998,0.3376540286440624,2_prefix5_mean
519030,Production,SOCP 519030 (collapsed code),946,66587.10359408034,28.858350951374206,0.01605,0,2_prefix5_mean
472181,Construction and Extraction,Roofers,2171,47996.82174113312,0,0.0157,0.15006845717513886,1_detailed_6digit
292090,Healthcare Practitioners,SOCP 292090 (collapsed code),2998,63641.62775183456,37.758505670446965,0.014833333333333332,1.050479200225972,2_prefix5_mean
5120,Production,SOCP 5120 (collapsed code),9003,38997.92291458403,34.466289014772855,0.014766666666666664,0.12005476574011112,3_prefix4_mean
339094,Protective Service,SOCP 339094 (collapsed code),642,21105.919003115265,88.00623052959502,0.014275,0.20009127623351847,2_prefix5_mean
33909,Protective Service,SOCP 33909 (collapsed code),4359,8205.689378297775,51.066758430832756,0.014274999999999996,0.20009127623351847,2_prefix5_mean
519020,Production,SOCP 519020 (collapsed code),528,26378.78787878788,21.96969696969697,0.014166666666666666,0.15006845717513886,2_prefix5_mean
113051,Management,Industrial Production Managers,5338,138766.29823904083,30.32971150243537,0.0132,0.22510268576270828,1_detailed_6digit
5191,Production,SOCP 5191 (collapsed code),19927,48068.34947558589,35.604958097054244,0.012819999999999998,0.19294515922517846,3_prefix4_mean
399011,Personal Care and Service,Childcare Workers,14726,13147.96142876545,96.516365611843,0.012200000000000013,0.6753080572881248,1_detailed_6digit
472152,Construction and Extraction,"Plumbers, Pipefitters, and Steamfitters",8366,66028.66363853693,0,0.011599999999999989,0.6002738287005555,1_detailed_6digit
519151,Production,Photographic Process Workers and Processing Machine Operators,774,88289.40568475453,7.751937984496124,0.010799999999999999,0.07503422858756943,1_detailed_6digit
331090,Protective Service,SOCP 331090 (collapsed code),655,68593.893129771,49.46564885496183,0.010499999999999999,0.20009127623351847,3_prefix4_mean
499060,"Installation, Maintenance, Repair",SOCP 499060 (collapsed code),4071,69832.62097764677,0,0.0103,0.11255134288135414,2_prefix5_mean
533030,Transportation and Material Moving,SOCP 533030 (collapsed code),61659,46357.93298626316,10.94892878574093,0.009366666666666653,0.262619800056493,2_prefix5_mean
3930,Personal Care and Service,SOCP 3930 (collapsed code),5243,8863.58954796872,45.92790387182911,0.008842857142857142,0.09647257961258927,3_prefix4_mean
518010,Production,SOCP 518010 (collapsed code),1039,124094.32146294514,0,0.008566666666666665,0.11255134288135414,2_prefix5_mean
29112,Healthcare Practitioners,SOCP 29112 (collapsed code),6864,45464.14627039627,81.27913752913753,0.008199999999999997,0.6645888817756148,2_prefix5_mean
172051,Architecture and Engineering,Civil Engineers,13302,99160.66756878665,14.930085701398285,0.008100000000000005,0.8253765144632637,1_detailed_6digit
291122,Healthcare Practitioners,Occupational Therapists,4825,75506.0725388601,90.59067357512953,0.007999999999999998,0.45020537152541656,1_detailed_6digit
291020,Healthcare Practitioners,SOCP 291020 (collapsed code),4256,182972.97932330827,49.295112781954884,0.007724999999999998,0.22510268576270828,2_prefix5_mean
211021,Community and Social Service,"Child, Family, and School Social Workers",2557,45199.17872506844,80.21118498240125,0.007399999999999999,0.07503422858756943,1_detailed_6digit
4740,Construction and Extraction,SOCP 4740 (collapsed code),36,94000,0,0.006871428571428572,0.2751255048210879,3_prefix4_mean
49904,"Installation, Maintenance, Repair",SOCP 49904 (collapsed code),6350,59306.88188976378,4.31496062992126,0.005974999999999999,0.15006845717513886,2_prefix5_mean
5170,Production,SOCP 5170 (collapsed code),484,17144.628099173555,0,0.005016666666666667,0.07503422858756943,3_prefix4_mean
472,Construction and Extraction,SOCP 472 (collapsed code),1727,46353.35842501448,0,0.004946666666666666,0.16257416193973379,4_minor_group_mean
49209,"Installation, Maintenance, Repair",SOCP 49209 (collapsed code),317,74195.5835962145,0,0.003787500000000001,0.1782062928954774,2_prefix5_mean
533099,Transportation and Material Moving,SOCP 533099 (collapsed code),2487,28471.25050261359,31.684760755930842,0.0035124999999999983,0.22510268576270828,3_prefix4_mean
4990,"Installation, Maintenance, Repair",SOCP 4990 (collapsed code),3374,47125.07409602845,2.7267338470657974,0.003508333333333334,0.10629849049905667,3_prefix4_mean
4520,"Farming, Fishing, and Forestry",SOCP 4520 (collapsed code),4093,27020.0439775226,43.171268018568284,0.0033833333333333332,0.07503422858756943,3_prefix4_mean
352010,Food Preparation and Serving,SOCP 352010 (collapsed code),30865,24465.10805119067,32.46719585290783,0.002320000000000001,0.390177988655361,2_prefix5_mean
453031,"Farming, Fishing, and Forestry",SOCP 453031 (collapsed code),102,19392.156862745098,0,0.0018454545454545453,0.15006845717513886,5_major_group_mean
113012,Management,Administrative Services Managers,2261,140255.41795665634,76.11676249447147,0,0.07503422858756943,1_detailed_6digit
113111,Management,Compensation and Benefits Managers,452,69384.9557522124,24.557522123893804,0,1.1255134288135413,1_detailed_6digit
113121,Management,Human Resources Managers,5204,127562.64411990777,81.64873174481168,0,0.8253765144632637,1_detailed_6digit
119013,Management,"Farmers, Ranchers, and Other Agricultural Managers",2258,55303.14437555359,12.488928255093002,0,0.6002738287005555,1_detailed_6digit
119051,Management,Food Service Managers,21244,58925.90849180945,59.08962530596874,0,0.45020537152541656,1_detailed_6digit
119070,Management,SOCP 119070 (collapsed code),695,22710.791366906476,43.16546762589928,0,0.30013691435027773,2_prefix5_mean
119161,Management,Emergency Management Directors,239,73891.21338912135,0,0,0,1_detailed_6digit
131051,Business and Financial Operations,Cost Estimators,2819,102402.8378857751,7.449450159631075,0,0.45020537152541656,1_detailed_6digit
171012,Architecture and Engineering,Landscape Architects,686,73092.85714285714,60.49562682215743,0,0.6002738287005555,1_detailed_6digit
172041,Architecture and Engineering,Chemical Engineers,3058,109044.8005232178,46.46827992151733,0,0,1_detailed_6digit
172131,Architecture and Engineering,Materials Engineers,605,64504.13223140496,51.404958677685954,0,0,1_detailed_6digit
173011,Architecture and Engineering,Architectural and Civil Drafters,1714,72451.57526254376,80.10501750291715,0,0.6002738287005555,1_detailed_6digit
173031,Architecture and Engineering,Surveying and Mapping Technicians,657,86692.54185692543,0,0,0.15006845717513886,1_detailed_6digit
191030,"Life, Physical, and Social Science",SOCP 191030 (collapsed code),779,71080.8729139923,62.90115532734275,0,0.22510268576270828,2_prefix5_mean
195010,"Life, Physical, and Social Science",SOCP 195010 (collapsed code),2560,82071.1328125,42.65625,0,0.262619800056493,2_prefix5_mean
211013,Community and Social Service,Marriage and Family Therapists,914,37029.540481400436,80.41575492341356,0,0.9004107430508331,1_detailed_6digit
211015,Community and Social Service,Rehabilitation Counselors,119,44000,100,0,0.30013691435027773,1_detailed_6digit
211023,Community and Social Service,Mental Health and Substance Abuse Social Workers,1509,42514.2478462558,90.58979456593771,0,0.30013691435027773,1_detailed_6digit
211092,Community and Social Service,Probation Officers and Correctional Treatment Specialists,2957,70050.3889076767,66.24957727426445,0,0.525239600112986,1_detailed_6digit
211093,Community and Social Service,Social and Human Service Assistants,3079,58275.67392010393,91.49074374797011,0,0.37517114293784715,1_detailed_6digit
252010,Educational Instruction and Library,SOCP 252010 (collapsed code),18570,35472.39633817986,99.29456112008616,0,1.0129620859321873,2_prefix5_mean
271023,"Arts, Design, Entertainment, Sports",Floral Designers,1870,23800.641711229946,80.42780748663102,0,0,1_detailed_6digit
271025,"Arts, Design, Entertainment, Sports",Interior Designers,2097,53027.420123986645,80.30519790176443,0,0.30013691435027773,1_detailed_6digit
271026,"Arts, Design, Entertainment, Sports",Merchandise Displayers and Window Trimmers,576,38395.833333333336,86.11111111111111,0,0.07503422858756943,1_detailed_6digit
272021,"Arts, Design, Entertainment, Sports",Athletes and Sports Competitors,131,27480.91603053435,0,0,0.15006845717513886,1_detailed_6digit
272022,"Arts, Design, Entertainment, Sports",Coaches and Scouts,10339,35590.498113937516,69.30070606441629,0,0.9004107430508331,1_detailed_6digit
272023,"Arts, Design, Entertainment, Sports","Umpires, Referees, and Other Sports Officials",645,2056.4341085271317,45.42635658914729,0,0.15006845717513886,1_detailed_6digit
272042,"Arts, Design, Entertainment, Sports",Musicians and Singers,3635,16122.723521320495,17.99174690508941,0,0.9004107430508331,1_detailed_6digit
291011,Healthcare Practitioners,Chiropractors,1206,73577.52902155888,15.008291873963516,0,0.30013691435027773,1_detailed_6digit
291041,Healthcare Practitioners,Optometrists,1237,111371.05901374292,45.02829426030719,0,0.30013691435027773,1_detailed_6digit
291071,Healthcare Practitioners,Physician Assistants,5082,95870.48406139316,59.307359307359306,0,0.8253765144632637,1_detailed_6digit
291124,Healthcare Practitioners,Radiation Therapists,82,75000,100,0,0.6645888817756149,1_detailed_6digit
291125,Healthcare Practitioners,Recreational Therapists,536,39427.23880597015,64.55223880597015,0,0.30013691435027773,1_detailed_6digit
291126,Healthcare Practitioners,Respiratory Therapists,1792,80860.77008928571,64.17410714285714,0,0.30013691435027773,1_detailed_6digit
291127,Healthcare Practitioners,Speech-Language Pathologists,3143,71264.0789055043,94.97295577473751,0,0.15006845717513886,1_detailed_6digit
291151,Healthcare Practitioners,Nurse Anesthetists,1117,261600.7162041182,80.57296329453895,0,0.7753536954048839,1_detailed_6digit
291181,Healthcare Practitioners,Audiologists,667,103527.73613193403,100,0,0,1_detailed_6digit
291240,Healthcare Practitioners,SOCP 291240 (collapsed code),1275,484061.17647058825,24,0,0.15006845717513886,2_prefix5_mean
291291,Healthcare Practitioners,Acupuncturists,271,20944.649446494466,100,0,0.6002738287005555,1_detailed_6digit
291292,Healthcare Practitioners,Dental Hygienists,3512,59618.22323462414,100,0,0.15006845717513886,1_detailed_6digit
292031,Healthcare Practitioners,Cardiovascular Technologists and Technicians,1315,90554.44866920152,69.80988593155894,0,0.45020537152541656,1_detailed_6digit
292032,Healthcare Practitioners,Diagnostic Medical Sonographers,1501,87763.49100599601,72.15189873417721,0,0.15006845717513886,1_detailed_6digit
292034,Healthcare Practitioners,Radiologic Technologists and Technicians,5426,108782.1968300774,78.91632878732031,0,0.45020537152541656,1_detailed_6digit
292042,Healthcare Practitioners,Emergency Medical Technicians,3066,47039.13894324853,55.805609915198964,0,0,1_detailed_6digit
292043,Healthcare Practitioners,Paramedics,2359,68820.68673166596,11.95421788893599,0,0,1_detailed_6digit
292053,Healthcare Practitioners,Psychiatric Technicians,4092,33663.978494623654,79.76539589442815,0,0,1_detailed_6digit
292055,Healthcare Practitioners,Surgical Technologists,2468,45473.82495948136,72.08265802269044,0,0.28137835720338533,1_detailed_6digit
292056,Healthcare Practitioners,Veterinary Technologists and Technicians,3956,36305.76339737108,66.12740141557128,0,0.45020537152541656,1_detailed_6digit
292061,Healthcare Practitioners,Licensed Practical and Licensed Vocational Nurses,11889,56991.134662292876,93.26267978803936,0,0.45020537152541656,1_detailed_6digit
292081,Healthcare Practitioners,"Opticians, Dispensing",1451,82886.97450034459,63.818056512749834,0,0.41737789651835494,1_detailed_6digit
311121,Healthcare Support,SOCP 311121 (collapsed code),20327,29225.715550745314,76.223741821223,0,0.15006845717513886,3_prefix4_mean
311122,Healthcare Support,SOCP 311122 (collapsed code),36772,33721.619982595454,72.74556727945176,0,0.15006845717513886,3_prefix4_mean
31113,Healthcare Support,SOCP 31113 (collapsed code),3022,39584.41429516876,35.44010589013898,0,0.15006845717513886,2_prefix5_mean
311131,Healthcare Support,Nursing Assistants,28029,40855.296300260445,88.93289093438939,0,0.15006845717513886,1_detailed_6digit
312020,Healthcare Support,SOCP 312020 (collapsed code),2058,35171.720116618075,71.96307094266278,0,0,2_prefix5_mean
319011,Healthcare Support,Massage Therapists,2024,14230.978260869566,68.13241106719367,0,0.30013691435027773,1_detailed_6digit
319091,Healthcare Support,Dental Assistants,5880,36963.180272108846,95.8843537414966,0,0.22510268576270828,1_detailed_6digit
319097,Healthcare Support,Phlebotomists,3850,31105.2987012987,87.22077922077922,0,0.30013691435027773,1_detailed_6digit
331012,Protective Service,First-Line Supervisors of Police and Detectives,1298,121293.52850539291,0,0,0.30013691435027773,1_detailed_6digit
331021,Protective Service,First-Line Supervisors of Firefighting and Prevention Workers,27,120000,0,0,0.15006845717513886,1_detailed_6digit
332011,Protective Service,Firefighters,3533,102991.79167846023,19.728276252476647,0,0.15006845717513886,1_detailed_6digit
332020,Protective Service,SOCP 332020 (collapsed code),424,82716.98113207547,0,0,0.07503422858756943,2_prefix5_mean
333011,Protective Service,Bailiffs,300,40444,77,0,0.15006845717513886,1_detailed_6digit
333012,Protective Service,Correctional Officers and Jailers,3613,78693.60642125657,5.70163299197343,0,0.15006845717513886,1_detailed_6digit
339021,Protective Service,Private Detectives and Investigators,2936,123570.70844686648,35.3542234332425,0,0.15006845717513886,1_detailed_6digit
339030,Protective Service,SOCP 339030 (collapsed code),24697,47212.26464752804,37.57541401789691,0,0.22510268576270828,2_prefix5_mean
339091,Protective Service,Crossing Guards and Flaggers,2120,25764.43396226415,58.25471698113207,0,0.2000912762335185,1_detailed_6digit
339093,Protective Service,Transportation Security Screeners,836,58308.612440191384,60.4066985645933,0,0.30013691435027773,1_detailed_6digit
351011,Food Preparation and Serving,Chefs and Head Cooks,12779,37462.62618358244,18.9607950543861,0,0.45020537152541656,1_detailed_6digit
352021,Food Preparation and Serving,Food Preparation Workers,17502,21717.503142498,51.331276425551366,0,0.37517114293784715,1_detailed_6digit
353011,Food Preparation and Serving,Bartenders,5940,33901.58249158249,50.26936026936028,0,0.22510268576270828,1_detailed_6digit
353023,Food Preparation and Serving,Fast Food and Counter Workers,16210,13792.280074028378,60.15422578655151,0,0.7503422858756943,1_detailed_6digit
353031,Food Preparation and Serving,Waiters and Waitresses,33985,17977.91937619538,71.31969986758864,0,0.37517114293784715,1_detailed_6digit
353041,Food Preparation and Serving,"Food Servers, Nonrestaurant",4202,12238.267491670633,78.86720609233699,0,0.45020537152541656,1_detailed_6digit
359011,Food Preparation and Serving,Dining Room and Cafeteria Attendants and Bartender Helpers,6631,12807.004976624943,38.244608656311264,0,0.3376540286440624,1_detailed_6digit
359021,Food Preparation and Serving,Dishwashers,7272,15738.740374037403,0.6875687568756876,0,0.15006845717513886,1_detailed_6digit
37201,Building and Grounds Cleaning,SOCP 37201 (collapsed code),46285,29989.69428540564,32.222102192935075,0,0.07503422858756943,2_prefix5_mean
372012,Building and Grounds Cleaning,Maids and Housekeeping Cleaners,20498,26211.893843301787,83.2861742609035,0,0.07503422858756943,1_detailed_6digit
373011,Building and Grounds Cleaning,Landscaping and Groundskeeping Workers,14203,27147.363233119762,11.50461170175315,0,0.07503422858756943,1_detailed_6digit
373013,Building and Grounds Cleaning,Tree Trimmers and Pruners,800,80287.5,2.25,0,0.07503422858756943,1_detailed_6digit
392011,Personal Care and Service,Animal Trainers,2153,24611.100789595912,81.04969809568044,0,0.15006845717513886,1_detailed_6digit
392021,Personal Care and Service,Animal Caretakers,7404,14679.716369529984,81.46947595894112,0,0.15006845717513886,1_detailed_6digit
393010,Personal Care and Service,SOCP 393010 (collapsed code),2217,65200.27063599459,25.214253495714928,0,0.15006845717513886,2_prefix5_mean
393031,Personal Care and Service,"Ushers, Lobby Attendants, and Ticket Takers",1390,21772.30215827338,8.776978417266188,0,0,1_detailed_6digit
3940,Personal Care and Service,SOCP 3940 (collapsed code),297,27469.696969696968,28.619528619528616,0,0.22510268576270828,3_prefix4_mean
394031,Personal Care and Service,"Morticians, Undertakers, and Funeral Arrangers",719,57698.19193324061,81.50208623087622,0,0.15006845717513886,1_detailed_6digit
395011,Personal Care and Service,Barbers,1267,11364.877663772691,37.01657458563536,0,0.30013691435027773,1_detailed_6digit
39509,Personal Care and Service,SOCP 39509 (collapsed code),976,24811.680327868853,100,0,0.07503422858756943,2_prefix5_mean
395092,Personal Care and Service,Manicurists and Pedicurists,9157,22957.55159986895,83.92486622256197,0,0,1_detailed_6digit
395094,Personal Care and Service,Skincare Specialists,1778,34866.479190101236,100,0,0.15006845717513886,1_detailed_6digit
399031,Personal Care and Service,Exercise Trainers and Group Fitness Instructors,6890,26281.54716981132,49.477503628447025,0,0.37517114293784715,1_detailed_6digit
399032,Personal Care and Service,Recreation Workers,3254,24430.301167793485,82.42163491087892,0,0.15006845717513886,1_detailed_6digit
412022,Sales and Related,Parts Salespersons,1588,45303.58942065491,8.753148614609572,0,0.30013691435027773,1_detailed_6digit
432021,Office and Administrative Support,Telephone Operators,325,30710.76923076923,100,0,0.15006845717513886,1_detailed_6digit
434141,Office and Administrative Support,New Accounts Clerks,102,50000,100,0,0.15006845717513886,1_detailed_6digit
435041,Office and Administrative Support,"Meter Readers, Utilities",123,52390.243902439026,0,0,0.4314468143785242,1_detailed_6digit
435051,Office and Administrative Support,Postal Service Clerks,5034,53973.539928486294,51.84743742550656,0,0.15006845717513886,1_detailed_6digit
435052,Office and Administrative Support,Postal Service Mail Carriers,7774,66009.66040648315,14.162593259583225,0,0.15006845717513886,1_detailed_6digit
435053,Office and Administrative Support,"Postal Service Mail Sorters, Processors, and Processing Machine Operators",3116,51484.08215661104,50.1604621309371,0,0.15006845717513886,1_detailed_6digit
435071,Office and Administrative Support,"Shipping, Receiving, and Inventory Clerks",12126,44106.11083621969,33.283852878113144,0,0.45020537152541656,1_detailed_6digit
435111,Office and Administrative Support,"Weighers, Measurers, Checkers, and Samplers, Recordkeeping",1977,53962.82245827011,56.09509357612544,0,0.30013691435027773,1_detailed_6digit
436012,Office and Administrative Support,Legal Secretaries and Administrative Assistants,2082,67000.48030739673,98.79923150816524,0,0.6002738287005555,1_detailed_6digit
439051,Office and Administrative Support,"Mail Clerks and Mail Machine Operators, Except Postal Service",810,64707.77777777778,38.148148148148145,0,0.07503422858756943,1_detailed_6digit
451011,"Farming, Fishing, and Forestry","First-Line Supervisors of Farming, Fishing, and Forestry Workers",54,35000,0,0,0.30013691435027773,1_detailed_6digit
452011,"Farming, Fishing, and Forestry",Agricultural Inspectors,474,102092.8270042194,50.210970464135016,0,0,1_detailed_6digit
452041,"Farming, Fishing, and Forestry","Graders and Sorters, Agricultural Products",1180,12189.152542372882,31.949152542372882,0,0.07503422858756943,1_detailed_6digit
454011,"Farming, Fishing, and Forestry",Forest and Conservation Workers,124,42000,0,0,0.15006845717513886,1_detailed_6digit
454020,"Farming, Fishing, and Forestry",SOCP 454020 (collapsed code),641,40136.19344773791,0,0,0.15006845717513886,2_prefix5_mean
472031,Construction and Extraction,Carpenters,16091,56067.5222173886,0,0,0.15006845717513886,1_detailed_6digit
472040,Construction and Extraction,SOCP 472040 (collapsed code),411,23452.554744525547,0,0,0,2_prefix5_mean
472050,Construction and Extraction,SOCP 472050 (collapsed code),749,77408.54472630174,0,0,0.11255134288135414,2_prefix5_mean
472070,Construction and Extraction,SOCP 472070 (collapsed code),5064,64601.283570300155,0.9083728278041073,0,0.0844135071610156,2_prefix5_mean
472080,Construction and Extraction,SOCP 472080 (collapsed code),1961,35956.90973992861,0,0,0.07503422858756943,2_prefix5_mean
472111,Construction and Extraction,Electricians,14115,60250.109812256465,1.6790648246546227,0,0.30013691435027773,1_detailed_6digit
472121,Construction and Extraction,Glaziers,119,63579.83193277311,0,0,0.07503422858756943,1_detailed_6digit
472140,Construction and Extraction,SOCP 472140 (collapsed code),6540,36073.700305810395,12.691131498470948,0,0.07503422858756943,2_prefix5_mean
472151,Construction and Extraction,Pipelayers,166,61036.14457831325,0,0,0.6002738287005555,1_detailed_6digit
472211,Construction and Extraction,Sheet Metal Workers,2445,72111.28834355828,21.554192229038854,0,0.07503422858756943,1_detailed_6digit
473010,Construction and Extraction,SOCP 473010 (collapsed code),346,78820.80924855491,16.76300578034682,0,0.22510268576270828,2_prefix5_mean
474021,Construction and Extraction,Elevator and Escalator Installers and Repairers,1543,97489.9546338302,0,0,0.27512550482108794,1_detailed_6digit
474031,Construction and Extraction,Fence Erectors,2955,31448.697123519458,20.812182741116754,0,0.2751255048210879,1_detailed_6digit
474041,Construction and Extraction,Hazardous Materials Removal Workers,535,54448.59813084112,33.271028037383175,0,0.07503422858756943,1_detailed_6digit
474051,Construction and Extraction,Highway Maintenance Workers,1169,54775.27801539777,9.238665526090676,0,0.2751255048210879,1_detailed_6digit
4750,Construction and Extraction,SOCP 4750 (collapsed code),154,52042.857142857145,0,0,0.22510268576270828,3_prefix4_mean
475020,Construction and Extraction,SOCP 475020 (collapsed code),517,59183.36557059961,0,0,0.22510268576270828,2_prefix5_mean
475032,Construction and Extraction,"Explosives Workers, Ordnance Handling Experts, and Blasters",186,40000,0,0,0.22510268576270828,1_detailed_6digit
492092,"Installation, Maintenance, Repair","Electric Motor, Power Tool, and Related Repairers",203,38743.84236453202,59.60591133004927,0,0.30013691435027773,1_detailed_6digit
492097,"Installation, Maintenance, Repair",Audiovisual Equipment Installers and Repairers,458,48930.13100436681,0,0,0.30013691435027773,1_detailed_6digit
493011,"Installation, Maintenance, Repair",Aircraft Mechanics and Service Technicians,2820,80428.36879432623,2.304964539007092,0,0,1_detailed_6digit
493021,"Installation, Maintenance, Repair",Automotive Body and Related Repairers,2059,69923.55512384653,0,0,0.45020537152541656,1_detailed_6digit
493022,"Installation, Maintenance, Repair",Automotive Glass Installers and Repairers,533,48814.25891181989,0,0,0.45020537152541656,1_detailed_6digit
493023,"Installation, Maintenance, Repair",Automotive Service Technicians and Mechanics,13959,45675.70026506197,3.252381975786231,0,0.45020537152541656,1_detailed_6digit
493031,"Installation, Maintenance, Repair",Bus and Truck Mechanics and Diesel Engine Specialists,3047,55648.21135543157,0,0,0.15006845717513886,1_detailed_6digit
493040,"Installation, Maintenance, Repair",SOCP 493040 (collapsed code),1722,93143.32171893147,23.577235772357724,0,0.15006845717513886,2_prefix5_mean
493050,"Installation, Maintenance, Repair",SOCP 493050 (collapsed code),820,83759.0243902439,0,0,0.15006845717513886,2_prefix5_mean
493090,"Installation, Maintenance, Repair",SOCP 493090 (collapsed code),490,20171.428571428572,0,0,0.15006845717513886,2_prefix5_mean
499010,"Installation, Maintenance, Repair",SOCP 499010 (collapsed code),272,54580.882352941175,0,0,0.10629849049905668,2_prefix5_mean
499031,"Installation, Maintenance, Repair",Home Appliance Repairers,252,54246.031746031746,0,0,0,1_detailed_6digit
499043,"Installation, Maintenance, Repair","Maintenance Workers, Machinery",264,47469.69696969697,0,0,0.15006845717513886,1_detailed_6digit
499044,"Installation, Maintenance, Repair",Millwrights,420,118804.76190476191,0,0,0.15006845717513886,1_detailed_6digit
499051,"Installation, Maintenance, Repair",Electrical Power-Line Installers and Repairers,1439,132576.09451007645,0,0,0,1_detailed_6digit
499052,"Installation, Maintenance, Repair",Telecommunications Line Installers and Repairers,2029,90072.94233612617,0,0,0.15006845717513886,1_detailed_6digit
499071,"Installation, Maintenance, Repair","Maintenance and Repair Workers, General",15923,61667.38051874647,3.648809897632356,0,0.22510268576270828,1_detailed_6digit
499091,"Installation, Maintenance, Repair","Coin, Vending, and Amusement Machine Servicers and Repairers",193,54756.47668393782,0,0,0.018758557146892358,1_detailed_6digit
499094,"Installation, Maintenance, Repair",Locksmiths and Safe Repairers,586,55102.389078498294,0,0,0.018758557146892358,1_detailed_6digit
499098,"Installation, Maintenance, Repair","Helpers--Installation, Maintenance, and Repair Workers",300,36780,10,0,0.07503422858756943,1_detailed_6digit
511011,Production,First-Line Supervisors of Production and Operating Workers,10656,88726.74549549549,27.27102102102102,0,0,1_detailed_6digit
512020,Production,SOCP 512020 (collapsed code),974,41204.51745379877,29.876796714579058,0,0.11255134288135414,2_prefix5_mean
512041,Production,Structural Metal Fabricators and Fitters,644,14654.968944099379,0,0,0.12005476574011109,1_detailed_6digit
513011,Production,Bakers,5073,26147.841513897103,67.33688152966685,0,0.37517114293784715,1_detailed_6digit
513020,Production,SOCP 513020 (collapsed code),4563,31321.959237343854,15.077799693184307,0,0.30013691435027773,2_prefix5_mean
513092,Production,Food Batchmakers,1951,34515.73552024603,94.82316760635572,0,0.22510268576270828,1_detailed_6digit
513093,Production,Food Cooking Machine Operators and Tenders,121,7618.181818181818,0,0,0.22510268576270828,1_detailed_6digit
513099,Production,SOCP 513099 (collapsed code),1701,62198.05996472663,17.930629041740154,0,0.22510268576270828,2_prefix5_mean
514,Production,SOCP 514 (collapsed code),2403,39416.31294215564,25.26009155222638,0,0.07503422858756943,4_minor_group_mean
5140,Production,SOCP 5140 (collapsed code),193,60782.38341968912,0,0,0.11255134288135414,3_prefix4_mean
514020,Production,SOCP 514020 (collapsed code),189,63942.857142857145,0,0,0.11255134288135414,2_prefix5_mean
514031,Production,"Cutting, Punching, and Press Machine Setters, Operators, and Tenders, Metal and Plastic",52,58000,0,0,0.15006845717513886,1_detailed_6digit
514041,Production,Machinists,5475,58244.07305936073,0,0,0.15006845717513886,1_detailed_6digit
514050,Production,SOCP 514050 (collapsed code),182,61736.26373626374,0,0,0.11255134288135414,2_prefix5_mean
514111,Production,Tool and Die Makers,732,72013.66120218579,0,0,0,1_detailed_6digit
514120,Production,SOCP 514120 (collapsed code),5245,45332.48808388942,0,0,0,2_prefix5_mean
515112,Production,Printing Press Operators,3220,42024.782608695656,17.391304347826086,0,0.30013691435027773,1_detailed_6digit
515113,Production,Print Binding and Finishing Workers,111,40000,0,0,0.30013691435027773,1_detailed_6digit
516011,Production,Laundry and Dry-Cleaning Workers,2200,26495.454545454544,57.36363636363636,0,0.09004107430508333,1_detailed_6digit
516021,Production,"Pressers, Textile, Garment, and Related Materials",298,55495.30201342282,0,0,0.0900410743050833,1_detailed_6digit
516031,Production,Sewing Machine Operators,655,26486.41221374046,52.06106870229008,0,0.0900410743050833,1_detailed_6digit
516040,Production,SOCP 516040 (collapsed code),308,3272.7272727272725,0,0,0.0900410743050833,2_prefix5_mean
51609,Production,SOCP 51609 (collapsed code),501,34039.121756487024,6.986027944111776,0,0.07503422858756943,2_prefix5_mean
516093,Production,Upholsterers,372,36548.3870967742,27.956989247311824,0,0.07503422858756943,1_detailed_6digit
517011,Production,Cabinetmakers and Bench Carpenters,118,11864.406779661016,0,0,0,1_detailed_6digit
517021,Production,Furniture Finishers,907,64704.29988974642,10.804851157662625,0,0.07503422858756943,1_detailed_6digit
517041,Production,"Sawing Machine Setters, Operators, and Tenders, Wood",189,7088.888888888889,16.93121693121693,0,0.07503422858756943,1_detailed_6digit
517042,Production,"Woodworking Machine Setters, Operators, and Tenders, Except Sawing",674,9681.008902077152,88.27893175074183,0,0.07503422858756943,1_detailed_6digit
518021,Production,Stationary Engineers and Boiler Operators,1468,71217.98365122615,11.78474114441417,0,0.1313099000282465,1_detailed_6digit
518031,Production,Water and Wastewater Treatment Plant and System Operators,2655,73144.63276836158,6.553672316384181,0,0.1313099000282465,1_detailed_6digit
519010,Production,SOCP 519010 (collapsed code),2160,75405.0925925926,8.842592592592592,0,0.15006845717513886,2_prefix5_mean
519041,Production,"Extruding, Forming, Pressing, and Compacting Machine Setters, Operators, and Tenders",590,48744.06779661017,0,0,0.13934928166262894,1_detailed_6digit
519051,Production,"Furnace, Kiln, Oven, Drier, and Kettle Operators and Tenders",176,43647.72727272727,17.045454545454543,0,0,1_detailed_6digit
519071,Production,Jewelers and Precious Stone and Metal Workers,912,46485.745614035084,64.58333333333334,0,0.22510268576270828,1_detailed_6digit
519080,Production,SOCP 519080 (collapsed code),777,49336.550836550836,88.41698841698842,0,0.13934928166262894,2_prefix5_mean
519111,Production,Packaging and Filling Machine Operators and Tenders,4087,39113.79985319305,40.176168338634696,0,0.19294515922517855,1_detailed_6digit
519120,Production,SOCP 519120 (collapsed code),1474,42535.82089552239,27.611940298507463,0,0.15006845717513886,2_prefix5_mean
519191,Production,Adhesive Bonding Machine Operators and Tenders,119,0,0,0,0.07503422858756943,1_detailed_6digit
519194,Production,Etchers and Engravers,88,0,100,0,0,1_detailed_6digit
519195,Production,"Molders, Shapers, and Casters, Except Metal and Plastic",181,41939.22651933702,0,0,0.07503422858756943,1_detailed_6digit
531000,Transportation and Material Moving,SOCP 531000 (collapsed code),4338,73688.1051175657,47.233748271092665,0,0.4877224858192013,3_prefix4_mean
532010,Transportation and Material Moving,SOCP 532010 (collapsed code),3697,195084.66324046525,0,0,0.2000912762335185,2_prefix5_mean
533051,Transportation and Material Moving,"Bus Drivers, School",5097,28601.90308024328,43.39807730037277,0,0.15006845717513886,1_detailed_6digit
533052,Transportation and Material Moving,"Bus Drivers, Transit and Intercity",3490,57210.83094555874,47.87965616045845,0,0.20009127623351847,1_detailed_6digit
533053,Transportation and Material Moving,Shuttle Drivers and Chauffeurs,3476,24502.934407364788,21.806674338319908,0,0.30013691435027773,1_detailed_6digit
533054,Transportation and Material Moving,Taxi Drivers,8269,27126.30305962027,6.590881605998307,0,0.15006845717513886,1_detailed_6digit
5340,Transportation and Material Moving,SOCP 5340 (collapsed code),354,56000,0,0,0.07503422858756943,3_prefix4_mean
534010,Transportation and Material Moving,SOCP 534010 (collapsed code),1151,66535.1867940921,0,0,0,2_prefix5_mean
534031,Transportation and Material Moving,Railroad Conductors and Yardmasters,1208,67114.23841059602,0,0,0.07503422858756943,1_detailed_6digit
535020,Transportation and Material Moving,SOCP 535020 (collapsed code),455,188026.37362637362,15.824175824175823,0,0,2_prefix5_mean
536021,Transportation and Material Moving,Parking Attendants,2640,26014.583333333332,5.227272727272727,0,0.15006845717513886,1_detailed_6digit
536030,Transportation and Material Moving,SOCP 536030 (collapsed code),2482,24652.578565672844,0.8058017727639,0,0.37517114293784715,2_prefix5_mean
536051,Transportation and Material Moving,Transportation Inspectors,508,72864.17322834645,20.275590551181104,0,0.07503422858756943,1_detailed_6digit
5370,Transportation and Material Moving,SOCP 5370 (collapsed code),149,51374.4966442953,0,0,0.25011409529189815,3_prefix4_mean
537021,Transportation and Material Moving,Crane and Tower Operators,568,59190.140845070426,0,0,0.2501140952918981,1_detailed_6digit
537051,Transportation and Material Moving,Industrial Truck and Tractor Operators,7657,36685.38592137913,11.623351181925036,0,0.2501140952918981,1_detailed_6digit
537061,Transportation and Material Moving,Cleaners of Vehicles and Equipment,3696,33681.168831168834,16.233766233766232,0,0.262619800056493,1_detailed_6digit
537062,Transportation and Material Moving,"Laborers and Freight, Stock, and Material Movers, Hand",46574,33126.5341177481,30.420406235238545,0,0.262619800056493,1_detailed_6digit
537063,Transportation and Material Moving,Machine Feeders and Offbearers,472,10981.77966101695,76.90677966101694,0,0.262619800056493,1_detailed_6digit
537064,Transportation and Material Moving,"Packers and Packagers, Hand",13571,31149.98894701938,48.16888954388033,0,0,1_detailed_6digit
537065,Transportation and Material Moving,Stockers and Order Fillers,28503,24143.85433112304,24.52373434375329,0,0.525239600112986,1_detailed_6digit
537081,Transportation and Material Moving,Refuse and Recyclable Material Collectors,1529,41231.00065402224,29.103989535644214,0,0.2501140952918981,1_detailed_6digit
5371,Transportation and Material Moving,SOCP 5371 (collapsed code),2614,39748.50803366488,14.575363427697017,0,0.2501140952918981,3_prefix4_mean
